age,BMI,BP,blood_sugar,Gender,disease_score,disease_score_fluct
40,21.752,79.67,86.227,0,772.907,807.954657642017
39,18.539,78.093,89.057,1,771.924,711.895792462487
10,25.818,78.467,92.426,1,741.811,768.881159397843
70,22.28,79.124,83.848,0,822.43,874.950170037443
22,18.897,79.681,91.409,0,752.534,769.151290635622
64,28.094,79.336,87.127,1,835.753,812.606725240282
53,20.181,79.218,91.88,1,818.109,778.143980702013
19,18.451,79.775,89.4,1,739.024,741.239864575403
14,20.12,79.468,91.339,1,738.71,720.70929185923
